DATETIME,PRICE
2002-07-26,82.79
2002-07-29,81.82
2002-07-30,81.77
2002-07-31,82.52
2002-08-01,82.86
2002-08-02,83.5
2002-08-05,83.92
2002-08-06,83.24
2002-08-07,83.5
2002-08-08,83.21
2002-08-09,83.83
2002-08-12,84.0
2002-08-13,84.67
2002-08-14,84.42
2002-08-15,83.93
2002-08-16,83.38
2002-08-19,83.46
2002-08-20,84.23
2002-08-21,84.02
2002-08-22,83.57
2002-08-23,83.95
2002-08-26,83.99
2002-08-27,83.74
2002-08-28,84.05
2002-08-29,84.44
2002-08-30,84.6
2002-09-03,85.23
2002-09-04,85.2
2002-09-05,85.54
2002-09-06,84.88
2002-09-09,84.76
2002-09-10,85.06
2002-09-11,84.75
2002-09-12,85.19
2002-09-13,85.59
2002-09-16,85.62
2002-09-17,85.9
2002-09-18,85.92
2002-09-19,86.43
2002-09-20,86.4
2002-09-23,86.89
2002-09-24,87.2
2002-09-25,86.54
2002-09-26,86.48
2002-09-27,87.05
2002-09-30,87.56
2002-10-01,86.54
2002-10-02,86.83
2002-10-03,86.78
2002-10-04,86.87
2002-10-07,87.21
2002-10-08,87.05
2002-10-09,87.49
2002-10-10,86.99
2002-10-11,86.37
2002-10-14,86.3
2002-10-15,84.85
2002-10-16,84.85
2002-10-17,84.4
2002-10-18,84.65
2002-10-21,84.0
2002-10-22,83.96
2002-10-23,84.14
2002-10-24,84.54
2002-10-25,84.91
2002-10-28,85.01
2002-10-29,85.78
2002-10-30,85.77
2002-10-31,86.21
2002-11-01,85.4
2002-11-04,85.13
2002-11-05,84.9
2002-11-06,85.18
2002-11-07,86.01
2002-11-08,86.22
2002-11-11,86.44
2002-11-12,86.17
2002-11-13,86.27
2002-11-14,85.19
2002-11-15,85.25
2002-11-18,85.33
2002-11-19,85.4
2002-11-20,84.93
2002-11-21,84.44
2002-11-22,84.34
2002-11-25,84.21
2002-11-26,84.97
2002-11-27,84.0
2002-11-29,84.12
2002-12-02,83.57
2002-12-03,83.56
2002-12-04,83.85
2002-12-05,84.08
2002-12-06,84.42
2002-12-09,84.74
2002-12-10,84.67
2002-12-11,84.95
2002-12-12,85.02
2002-12-13,84.71
2002-12-16,84.36
2002-12-17,84.56
2002-12-18,85.08
2002-12-19,85.52
2002-12-20,85.52
2002-12-23,85.47
2002-12-24,85.79
2002-12-26,85.92
2002-12-27,86.43
2002-12-30,86.59
2002-12-31,86.15
2003-01-02,84.79
2003-01-03,84.93
2003-01-06,84.72
2003-01-07,84.99
2003-01-08,85.19
2003-01-09,84.16
2003-01-10,84.25
2003-01-13,84.4
2003-01-14,84.6
2003-01-15,84.79
2003-01-16,84.76
2003-01-17,85.11
2003-01-21,85.4
2003-01-22,85.75
2003-01-23,85.57
2003-01-24,85.74
2003-01-27,85.48
2003-01-28,85.49
2003-01-29,85.12
2003-01-30,85.45
2003-01-31,85.49
2003-02-03,85.08
2003-02-04,85.36
2003-02-05,85.03
2003-02-06,85.36
2003-02-07,85.4
2003-02-10,85.24
2003-02-11,85.32
2003-02-12,85.69
2003-02-13,86.0
2003-02-14,85.7
2003-02-18,85.7
2003-02-19,86.02
2003-02-20,86.32
2003-02-21,86.0
2003-02-24,86.34
2003-02-25,86.46
2003-02-26,86.72
2003-02-27,86.8
2003-02-28,87.09
2003-03-03,87.03
2003-03-04,87.2
2003-03-05,87.36
2003-03-06,87.18
2003-03-07,87.47
2003-03-10,87.76
2003-03-11,87.74
2003-03-12,87.54
2003-03-13,86.56
2003-03-14,86.85
2003-03-17,86.17
2003-03-18,85.7
2003-03-19,85.29
2003-03-20,85.35
2003-03-21,84.57
2003-03-24,85.39
2003-03-25,85.4
2003-03-26,85.6
2003-03-27,85.76
2003-03-28,85.9
2003-03-31,86.52
2003-04-01,86.16
2003-04-02,85.55
2003-04-03,85.7
2003-04-04,85.55
2003-04-07,85.35
2003-04-08,85.67
2003-04-09,85.96
2003-04-10,85.73
2003-04-11,85.51
2003-04-14,85.27
2003-04-15,85.57
2003-04-16,85.76
2003-04-17,85.65
2003-04-21,85.49
2003-04-22,85.51
2003-04-23,85.47
2003-04-24,85.97
2003-04-25,86.11
2003-04-28,86.02
2003-04-29,85.87
2003-04-30,86.39
2003-05-01,86.12
2003-05-02,85.65
2003-05-05,85.92
2003-05-06,86.45
2003-05-07,87.05
2003-05-08,87.14
2003-05-09,87.28
2003-05-12,87.65
2003-05-13,87.73
2003-05-14,88.21
2003-05-15,88.12
2003-05-16,88.59
2003-05-19,88.57
2003-05-20,89.16
2003-05-21,88.88
2003-05-22,89.3
2003-05-23,89.2
2003-05-27,88.87
2003-05-28,88.89
2003-05-29,89.36
2003-05-30,89.31
2003-06-02,88.72
2003-06-03,89.31
2003-06-04,89.57
2003-06-05,89.25
2003-06-06,89.15
2003-06-09,89.64
2003-06-10,90.14
2003-06-11,89.95
2003-06-12,90.3
2003-06-13,90.63
2003-06-16,90.16
2003-06-17,89.67
2003-06-18,89.13
2003-06-19,89.26
2003-06-20,89.12
2003-06-23,89.46
2003-06-24,89.88
2003-06-25,89.2
2003-06-26,88.32
2003-06-27,88.24
2003-06-30,88.45
2003-07-01,88.02
2003-07-02,88.11
2003-07-03,87.55
2003-07-07,87.08
2003-07-08,87.11
2003-07-09,87.27
2003-07-10,87.47
2003-07-11,87.78
2003-07-14,87.27
2003-07-15,86.08
2003-07-16,86.11
2003-07-17,85.93
2003-07-18,85.71
2003-07-21,84.59
2003-07-22,84.89
2003-07-23,85.15
2003-07-24,84.82
2003-07-25,84.71
2003-07-28,84.09
2003-07-29,83.27
2003-07-30,83.94
2003-07-31,83.38
2003-08-01,83.0
2003-08-04,83.61
2003-08-05,83.05
2003-08-06,83.9
2003-08-07,84.2
2003-08-08,84.19
2003-08-11,83.84
2003-08-12,83.69
2003-08-13,82.76
2003-08-14,82.93
2003-08-15,82.9
2003-08-18,83.15
2003-08-19,83.81
2003-08-20,83.41
2003-08-21,83.1
2003-08-22,83.16
2003-08-25,82.8
2003-08-26,83.1
2003-08-27,82.9
2003-08-28,83.48
2003-08-29,83.25
2003-09-02,82.15
2003-09-03,82.36
2003-09-04,82.89
2003-09-05,83.94
2003-09-08,83.55
2003-09-09,83.95
2003-09-10,84.52
2003-09-11,84.22
2003-09-12,84.56
2003-09-15,84.71
2003-09-16,84.64
2003-09-17,85.11
2003-09-18,85.1
2003-09-19,85.1
2003-09-22,84.73
2003-09-23,84.93
2003-09-24,85.36
2003-09-25,85.48
2003-09-26,86.13
2003-09-29,85.76
2003-09-30,86.59
2003-10-01,86.24
2003-10-02,85.93
2003-10-03,84.74
2003-10-06,84.99
2003-10-07,84.5
2003-10-08,84.65
2003-10-09,84.38
2003-10-10,84.63
2003-10-13,84.5
2003-10-14,84.16
2003-10-15,83.86
2003-10-16,83.4
2003-10-17,83.85
2003-10-20,83.91
2003-10-21,84.06
2003-10-22,84.67
2003-10-23,84.4
2003-10-24,84.99
2003-10-27,84.76
2003-10-28,85.16
2003-10-29,84.61
2003-10-30,84.3
2003-10-31,84.6
2003-11-03,84.0
2003-11-04,84.3
2003-11-05,84.0
2003-11-06,83.57
2003-11-07,83.43
2003-11-10,83.4
2003-11-11,83.53
2003-11-12,83.8
2003-11-13,84.53
2003-11-14,84.99
2003-11-17,85.09
2003-11-18,85.44
2003-11-19,84.86
2003-11-20,85.39
2003-11-21,85.35
2003-11-24,84.9
2003-11-25,85.11
2003-11-26,84.9
2003-11-28,84.34
2003-12-01,83.6
2003-12-02,83.84
2003-12-03,83.62
2003-12-04,83.8
2003-12-05,84.82
2003-12-08,84.5
2003-12-09,84.08
2003-12-10,84.29
2003-12-11,84.8
2003-12-12,84.8
2003-12-15,84.76
2003-12-16,84.93
2003-12-17,85.15
2003-12-18,85.44
2003-12-19,85.45
2003-12-22,85.22
2003-12-23,84.64
2003-12-24,85.17
2003-12-26,85.44
2003-12-29,84.92
2003-12-30,84.83
2003-12-31,84.7
2004-01-02,84.02
2004-01-05,83.95
2004-01-06,84.58
2004-01-07,84.77
2004-01-08,84.77
2004-01-09,85.77
2004-01-12,85.77
2004-01-13,86.23
2004-01-14,86.4
2004-01-15,86.45
2004-01-16,86.09
2004-01-20,85.94
2004-01-21,86.19
2004-01-22,86.56
2004-01-23,85.91
2004-01-26,85.55
2004-01-27,85.89
2004-01-28,85.27
2004-01-29,85.17
2004-01-30,85.56
2004-02-02,85.22
2004-02-03,85.55
2004-02-04,85.41
2004-02-05,85.09
2004-02-06,85.61
2004-02-09,85.81
2004-02-10,85.57
2004-02-11,86.02
2004-02-12,85.97
2004-02-13,86.19
2004-02-17,86.19
2004-02-18,86.17
2004-02-19,86.23
2004-02-20,85.94
2004-02-23,86.22
2004-02-24,86.37
2004-02-25,86.47
2004-02-26,86.34
2004-02-27,86.68
2004-03-01,86.52
2004-03-02,86.02
2004-03-03,85.94
2004-03-04,86.21
2004-03-05,87.28
2004-03-08,87.77
2004-03-09,88.1
2004-03-10,88.09
2004-03-11,88.1
2004-03-12,87.83
2004-03-15,87.88
2004-03-16,88.31
2004-03-17,88.25
2004-03-18,87.97
2004-03-19,87.85
2004-03-22,88.18
2004-03-23,88.31
2004-03-24,88.25
2004-03-25,88.13
2004-03-26,87.57
2004-03-29,87.2
2004-03-30,87.23
2004-03-31,87.55
2004-04-01,87.08
2004-04-02,85.47
2004-04-05,85.05
2004-04-06,85.35
2004-04-07,85.36
2004-04-08,85.2
2004-04-12,84.93
2004-04-13,84.27
2004-04-14,84.21
2004-04-15,84.09
2004-04-16,84.4
2004-04-19,84.18
2004-04-20,83.57
2004-04-21,83.74
2004-04-22,84.07
2004-04-23,83.72
2004-04-26,83.71
2004-04-27,84.04
2004-04-28,83.49
2004-04-29,83.3
2004-04-30,83.5
2004-05-03,83.2
2004-05-04,82.96
2004-05-05,82.77
2004-05-06,82.69
2004-05-07,81.67
2004-05-10,81.65
2004-05-11,81.81
2004-05-12,81.69
2004-05-13,81.44
2004-05-14,81.85
2004-05-17,82.38
2004-05-18,82.22
2004-05-19,81.84
2004-05-20,82.25
2004-05-21,82.07
2004-05-24,82.13
2004-05-25,82.16
2004-05-26,82.57
2004-05-27,83.02
2004-05-28,82.79
2004-06-01,82.1
2004-06-02,81.96
2004-06-03,82.09
2004-06-04,81.75
2004-06-07,81.87
2004-06-08,81.85
2004-06-09,81.61
2004-06-10,81.7
2004-06-14,81.3
2004-06-15,82.38
2004-06-16,82.2
2004-06-17,82.43
2004-06-18,82.26
2004-06-21,82.39
2004-06-22,82.28
2004-06-23,82.4
2004-06-24,82.72
2004-06-25,82.76
2004-06-28,82.15
2004-06-29,82.54
2004-06-30,83.05
2004-07-01,82.94
2004-07-02,83.65
2004-07-06,83.49
2004-07-07,83.53
2004-07-08,83.54
2004-07-09,83.68
2004-07-12,83.78
2004-07-13,83.6
2004-07-14,83.56
2004-07-15,83.52
2004-07-16,84.33
2004-07-19,84.31
2004-07-20,83.76
2004-07-21,83.58
2004-07-22,83.68
2004-07-23,83.88
2004-07-26,83.59
2004-07-27,83.0
2004-07-28,83.13
2004-07-29,83.21
2004-07-30,83.78
2004-08-02,83.59
2004-08-03,83.79
2004-08-04,83.74
2004-08-05,83.99
2004-08-06,85.14
2004-08-09,84.86
2004-08-10,84.51
2004-08-11,84.8
2004-08-12,84.91
2004-08-13,85.06
2004-08-16,84.97
2004-08-17,85.37
2004-08-18,85.09
2004-08-19,85.3
2004-08-20,85.13
2004-08-23,84.84
2004-08-24,84.92
2004-08-25,84.93
2004-08-26,85.3
2004-08-27,85.2
2004-08-30,85.5
2004-08-31,85.87
2004-09-01,85.59
2004-09-02,85.13
2004-09-03,84.9
2004-09-07,84.95
2004-09-08,85.44
2004-09-09,85.29
2004-09-10,85.46
2004-09-13,85.67
2004-09-14,85.69
2004-09-15,85.6
2004-09-16,86.07
2004-09-17,85.77
2004-09-20,86.26
2004-09-21,86.32
2004-09-22,86.67
2004-09-23,86.37
2004-09-24,86.36
2004-09-27,86.6
2004-09-28,86.51
2004-09-29,85.97
2004-09-30,85.88
2004-10-01,85.28
2004-10-04,85.31
2004-10-05,85.31
2004-10-06,85.03
2004-10-07,84.88
2004-10-08,85.6
2004-10-11,85.74
2004-10-12,85.74
2004-10-13,86.05
2004-10-14,86.35
2004-10-15,86.06
2004-10-18,86.19
2004-10-19,86.16
2004-10-20,86.55
2004-10-21,86.43
2004-10-22,86.67
2004-10-25,86.77
2004-10-26,86.62
2004-10-27,86.09
2004-10-28,86.22
2004-10-29,86.47
2004-11-01,85.78
2004-11-02,85.99
2004-11-03,85.96
2004-11-04,85.91
2004-11-05,85.27
2004-11-08,85.15
2004-11-09,85.17
2004-11-10,85.0
2004-11-11,84.98
2004-11-12,85.3
2004-11-15,85.34
2004-11-16,85.25
2004-11-17,85.7
2004-11-18,85.77
2004-11-19,85.3
2004-11-22,85.36
2004-11-23,85.28
2004-11-24,85.4
2004-11-26,85.09
2004-11-29,84.58
2004-11-30,84.5
2004-12-01,84.21
2004-12-02,84.02
2004-12-03,84.86
2004-12-06,85.02
2004-12-07,85.01
2004-12-08,85.64
2004-12-09,85.44
2004-12-10,85.57
2004-12-13,85.63
2004-12-14,85.78
2004-12-15,86.09
2004-12-16,85.43
2004-12-17,85.32
2004-12-20,85.42
2004-12-21,85.54
2004-12-22,85.45
2004-12-23,85.34
2004-12-27,84.98
2004-12-28,84.97
2004-12-29,84.8
2004-12-30,85.12
2004-12-31,84.95
2005-01-03,85.12
2005-01-04,84.59
2005-01-05,84.73
2005-01-06,84.81
2005-01-07,84.74
2005-01-10,84.73
2005-01-11,84.9
2005-01-12,85.03
2005-01-13,85.37
2005-01-14,85.32
2005-01-18,85.29
2005-01-19,85.34
2005-01-20,85.49
2005-01-21,85.66
2005-01-24,85.65
2005-01-25,85.33
2005-01-26,85.35
2005-01-27,85.22
2005-01-28,85.66
2005-01-31,85.69
2005-02-01,85.37
2005-02-02,85.38
2005-02-03,85.24
2005-02-04,85.73
2005-02-07,85.85
2005-02-08,85.93
2005-02-09,86.35
2005-02-10,85.81
2005-02-11,85.7
2005-02-14,85.81
2005-02-15,85.68
2005-02-16,85.37
2005-02-17,85.18
2005-02-18,84.75
2005-02-22,84.76
2005-02-23,84.83
2005-02-24,84.69
2005-02-25,84.81
2005-02-28,84.26
2005-03-01,84.03
2005-03-02,84.02
2005-03-03,83.97
2005-03-04,84.35
2005-03-07,84.37
2005-03-08,83.97
2005-03-09,83.33
2005-03-10,83.48
2005-03-11,83.13
2005-03-14,83.33
2005-03-15,83.17
2005-03-16,83.36
2005-03-17,83.68
2005-03-18,83.47
2005-03-21,83.37
2005-03-22,82.76
2005-03-23,82.95
2005-03-24,83.02
2005-03-28,82.75
2005-03-29,83.09
2005-03-30,83.28
2005-03-31,83.69
2005-04-01,83.58
2005-04-04,83.54
2005-04-05,83.55
2005-04-06,83.8
2005-04-07,83.48
2005-04-08,83.57
2005-04-11,83.82
2005-04-12,84.26
2005-04-13,84.3
2005-04-14,84.52
2005-04-15,85.07
2005-04-18,84.89
2005-04-19,85.38
2005-04-20,85.33
2005-04-21,84.72
2005-04-22,85.08
2005-04-25,85.08
2005-04-26,85.04
2005-04-27,85.3
2005-04-28,85.82
2005-04-29,85.51
2005-05-02,85.33
2005-05-03,85.44
2005-05-04,85.42
2005-05-05,85.67
2005-05-06,85.08
2005-05-09,85.07
2005-05-10,85.37
2005-05-11,85.48
2005-05-12,85.56
2005-05-13,85.78
2005-05-16,85.79
2005-05-17,85.9
2005-05-18,86.18
2005-05-19,85.92
2005-05-20,85.91
2005-05-23,86.3
2005-05-24,86.53
2005-05-25,86.22
2005-05-26,86.27
2005-05-27,86.36
2005-05-31,86.81
2005-06-01,87.13
2005-06-02,87.05
2005-06-03,86.55
2005-06-06,86.78
2005-06-07,87.03
2005-06-08,86.87
2005-06-09,86.82
2005-06-10,86.27
2005-06-13,86.04
2005-06-14,85.94
2005-06-15,85.91
2005-06-16,86.18
2005-06-17,86.08
2005-06-20,85.95
2005-06-21,86.22
2005-06-22,86.87
2005-06-23,86.78
2005-06-24,86.99
2005-06-27,87.06
2005-06-28,86.69
2005-06-29,86.66
2005-06-30,86.96
2005-07-01,85.95
2005-07-05,85.6
2005-07-06,85.78
2005-07-07,85.98
2005-07-08,85.67
2005-07-11,85.63
2005-07-12,85.41
2005-07-13,85.33
2005-07-14,85.22
2005-07-15,85.24
2005-07-18,85.1
2005-07-19,85.22
2005-07-20,85.38
2005-07-21,84.75
2005-07-22,85.15
2005-07-25,85.0
2005-07-26,85.06
2005-07-27,84.94
2005-07-28,85.31
2005-07-29,84.8
2005-08-01,84.36
2005-08-02,84.28
2005-08-03,84.49
2005-08-04,84.43
2005-08-05,83.98
2005-08-08,83.76
2005-08-09,84.0
2005-08-10,83.96
2005-08-11,84.32
2005-08-12,84.66
2005-08-15,84.55
2005-08-16,84.95
2005-08-17,84.62
2005-08-18,85.07
2005-08-19,85.02
2005-08-22,85.09
2005-08-23,85.25
2005-08-24,85.29
2005-08-25,85.34
2005-08-26,85.2
2005-08-29,85.26
2005-08-30,85.66
2005-08-31,86.22
2005-09-01,86.03
2005-09-02,86.05
2005-09-06,85.78
2005-09-07,85.5
2005-09-08,85.5
2005-09-09,85.57
2005-09-12,85.3
2005-09-13,85.56
2005-09-14,85.38
2005-09-15,85.12
2005-09-16,84.79
2005-09-19,84.96
2005-09-20,84.89
2005-09-21,85.28
2005-09-22,85.34
2005-09-23,84.87
2005-09-26,84.65
2005-09-27,84.7
2005-09-28,84.87
2005-09-29,84.68
2005-09-30,84.44
2005-10-03,83.84
2005-10-04,83.88
2005-10-05,84.08
2005-10-06,83.97
2005-10-07,84.08
2005-10-10,84.1
2005-10-11,83.94
2005-10-12,83.62
2005-10-13,83.49
2005-10-14,83.49
2005-10-17,83.34
2005-10-18,83.51
2005-10-19,83.61
2005-10-20,83.66
2005-10-21,84.03
2005-10-24,83.67
2005-10-25,83.28
2005-10-26,82.96
2005-10-27,83.15
2005-10-28,83.06
2005-10-31,83.12
2005-11-01,82.78
2005-11-02,82.61
2005-11-03,82.32
2005-11-04,82.28
2005-11-07,82.43
2005-11-08,82.84
2005-11-09,82.41
2005-11-10,82.87
2005-11-11,82.97
2005-11-14,82.6
2005-11-15,82.88
2005-11-16,83.3
2005-11-17,83.46
2005-11-18,83.26
2005-11-21,83.42
2005-11-22,83.71
2005-11-23,83.49
2005-11-25,83.74
2005-11-28,83.85
2005-11-29,83.39
2005-11-30,83.35
2005-12-01,82.88
2005-12-02,82.95
2005-12-05,82.7
2005-12-06,83.09
2005-12-07,83.04
2005-12-08,83.4
2005-12-09,83.03
2005-12-12,82.84
2005-12-13,83.04
2005-12-14,83.56
2005-12-15,83.45
2005-12-16,83.6
2005-12-19,83.65
2005-12-20,83.51
2005-12-21,83.4
2005-12-22,83.73
2005-12-23,83.93
2005-12-27,84.33
2005-12-28,83.78
2005-12-29,83.88
2005-12-30,83.91
2006-01-03,83.9
2006-01-04,84.05
2006-01-05,84.07
2006-01-06,83.96
2006-01-09,84.0
2006-01-10,83.66
2006-01-11,83.45
2006-01-12,83.75
2006-01-13,84.12
2006-01-17,84.22
2006-01-18,84.25
2006-01-19,84.04
2006-01-20,84.18
2006-01-23,84.16
2006-01-24,84.02
2006-01-25,83.5
2006-01-26,83.32
2006-01-27,83.38
2006-01-30,83.2
2006-01-31,83.32
2006-02-01,82.8
2006-02-02,82.8
2006-02-03,83.05
2006-02-06,82.93
2006-02-07,82.83
2006-02-08,82.78
2006-02-09,82.86
2006-02-10,82.62
2006-02-13,82.62
2006-02-14,82.5
2006-02-15,82.65
2006-02-16,82.61
2006-02-17,82.89
2006-02-21,82.79
2006-02-22,83.1
2006-02-23,82.9
2006-02-24,82.8
2006-02-27,82.64
2006-02-28,82.97
2006-03-01,82.54
2006-03-02,82.21
2006-03-03,82.01
2006-03-06,81.75
2006-03-07,81.79
2006-03-08,81.83
2006-03-09,81.91
2006-03-10,81.75
2006-03-13,81.68
2006-03-14,82.15
2006-03-15,82.0
2006-03-16,82.52
2006-03-17,82.35
2006-03-20,82.51
2006-03-21,82.17
2006-03-22,82.27
2006-03-23,82.06
2006-03-24,82.42
2006-03-27,82.24
2006-03-28,81.84
2006-03-29,81.76
2006-03-30,81.52
2006-03-31,81.58
2006-04-03,81.23
2006-04-04,81.24
2006-04-05,81.43
2006-04-06,81.2
2006-04-07,80.83
2006-04-10,80.93
2006-04-11,81.08
2006-04-12,80.89
2006-04-13,80.46
2006-04-17,80.77
2006-04-18,81.03
2006-04-19,80.8
2006-04-20,80.73
2006-04-21,80.9
2006-04-24,81.0
2006-04-25,80.49
2006-04-26,80.45
2006-04-27,80.67
2006-04-28,80.81
2006-05-01,80.08
2006-05-02,80.21
2006-05-03,80.1
2006-05-04,80.05
2006-05-05,80.24
2006-05-08,80.28
2006-05-09,80.25
2006-05-10,80.29
2006-05-11,80.15
2006-05-12,79.85
2006-05-15,80.02
2006-05-16,80.32
2006-05-17,80.09
2006-05-18,80.66
2006-05-19,80.61
2006-05-22,80.72
2006-05-23,80.69
2006-05-24,80.81
2006-05-25,80.68
2006-05-26,80.75
2006-05-30,80.68
2006-05-31,80.43
2006-06-01,80.27
2006-06-02,80.89
2006-06-05,80.73
2006-06-06,80.8
2006-06-07,80.69
2006-06-08,80.8
2006-06-09,81.0
2006-06-12,80.96
2006-06-13,81.06
2006-06-14,80.53
2006-06-15,80.35
2006-06-16,80.3
2006-06-19,80.21
2006-06-20,80.15
2006-06-21,80.14
2006-06-22,79.88
2006-06-23,79.81
2006-06-26,79.84
2006-06-27,79.97
2006-06-28,79.71
2006-06-29,80.04
2006-06-30,80.32
2006-07-03,79.97
2006-07-05,79.68
2006-07-06,79.93
2006-07-07,80.18
2006-07-10,80.24
2006-07-11,80.33
2006-07-12,80.4
2006-07-13,80.58
2006-07-14,80.64
2006-07-17,80.57
2006-07-18,80.26
2006-07-19,80.77
2006-07-20,80.94
2006-07-21,80.8
2006-07-24,80.89
2006-07-25,80.81
2006-07-26,81.01
2006-07-27,81.0
2006-07-28,81.22
2006-07-31,81.35
2006-08-01,81.05
2006-08-02,81.12
2006-08-03,81.14
2006-08-04,81.54
2006-08-07,81.43
2006-08-08,81.44
2006-08-09,81.4
2006-08-10,81.42
2006-08-11,81.16
2006-08-14,81.02
2006-08-15,81.41
2006-08-16,81.75
2006-08-17,81.73
2006-08-18,81.95
2006-08-21,82.05
2006-08-22,82.08
2006-08-23,82.05
2006-08-24,82.08
2006-08-25,82.19
2006-08-28,82.18
2006-08-29,82.25
2006-08-30,82.37
2006-08-31,82.46
2006-09-01,82.27
2006-09-05,82.0
2006-09-06,81.94
2006-09-07,82.0
2006-09-08,82.08
2006-09-11,81.97
2006-09-12,82.16
2006-09-13,82.24
2006-09-14,82.08
2006-09-15,82.03
2006-09-18,81.91
2006-09-19,82.4
2006-09-20,82.42
2006-09-21,83.01
2006-09-22,83.26
2006-09-25,83.54
2006-09-26,83.23
2006-09-27,83.31
2006-09-28,83.23
2006-09-29,83.08
2006-10-02,82.97
2006-10-03,82.96
2006-10-04,83.37
2006-10-05,83.05
2006-10-06,82.6
2006-10-09,82.81
2006-10-10,82.2
2006-10-11,82.1
2006-10-12,82.14
2006-10-13,82.01
2006-10-16,82.15
2006-10-17,82.24
2006-10-18,82.22
2006-10-19,82.15
2006-10-20,82.13
2006-10-23,81.9
2006-10-24,82.01
2006-10-25,82.31
2006-10-26,82.59
2006-10-27,82.86
2006-10-30,82.9
2006-10-31,83.27
2006-11-01,83.22
2006-11-02,83.02
2006-11-03,82.39
2006-11-06,82.47
2006-11-07,82.75
2006-11-08,82.93
2006-11-09,82.92
2006-11-10,83.1
2006-11-13,83.06
2006-11-14,83.23
2006-11-15,83.0
2006-11-16,82.79
2006-11-17,83.09
2006-11-20,83.14
2006-11-21,83.26
2006-11-22,83.39
2006-11-24,83.48
2006-11-27,83.56
2006-11-28,83.71
2006-11-29,83.61
2006-11-30,84.05
2006-12-01,83.94
2006-12-04,83.93
2006-12-05,83.82
2006-12-06,83.69
2006-12-07,83.66
2006-12-08,83.28
2006-12-11,83.54
2006-12-12,83.69
2006-12-13,83.26
2006-12-14,83.09
2006-12-15,83.15
2006-12-18,83.19
2006-12-19,83.17
2006-12-20,83.15
2006-12-21,83.45
2006-12-22,83.07
2006-12-26,83.19
2006-12-27,82.67
2006-12-28,82.48
2006-12-29,82.44
2007-01-03,82.68
2007-01-04,82.95
2007-01-05,82.71
2007-01-08,82.77
2007-01-09,82.75
2007-01-10,82.61
2007-01-11,82.39
2007-01-12,82.22
2007-01-16,82.38
2007-01-17,82.22
2007-01-18,82.33
2007-01-19,82.2
2007-01-22,82.35
2007-01-23,82.11
2007-01-24,82.12
2007-01-25,81.8
2007-01-26,81.79
2007-01-29,81.73
2007-01-30,81.81
2007-01-31,82.11
2007-02-01,81.74
2007-02-02,81.81
2007-02-05,81.9
2007-02-06,82.13
2007-02-07,82.31
2007-02-08,82.33
2007-02-09,82.08
2007-02-12,81.97
2007-02-13,81.91
2007-02-14,82.38
2007-02-15,82.51
2007-02-16,82.6
2007-02-20,82.7
2007-02-21,82.69
2007-02-22,82.48
2007-02-23,82.81
2007-02-26,83.07
2007-02-27,83.77
2007-02-28,83.48
2007-03-01,83.31
2007-03-02,83.55
2007-03-05,83.6
2007-03-06,83.49
2007-03-07,83.64
2007-03-08,83.63
2007-03-09,83.16
2007-03-12,83.39
2007-03-13,83.76
2007-03-14,83.65
2007-03-15,83.56
2007-03-16,83.55
2007-03-19,83.44
2007-03-20,83.56
2007-03-21,83.68
2007-03-22,83.4
2007-03-23,83.27
2007-03-26,83.34
2007-03-27,83.32
2007-03-28,83.31
2007-03-29,83.19
2007-03-30,83.09
2007-04-02,82.86
2007-04-03,82.79
2007-04-04,82.92
2007-04-05,82.71
2007-04-09,82.33
2007-04-10,82.5
2007-04-11,82.4
2007-04-12,82.48
2007-04-13,82.34
2007-04-16,82.43
2007-04-17,82.78
2007-04-18,82.97
2007-04-19,82.96
2007-04-20,82.87
2007-04-23,83.04
2007-04-24,83.2
2007-04-25,83.15
2007-04-26,82.91
2007-04-27,82.91
2007-04-30,83.27
2007-05-01,82.96
2007-05-02,82.86
2007-05-03,82.77
2007-05-04,82.98
2007-05-07,83.05
2007-05-08,83.05
2007-05-09,82.78
2007-05-10,82.99
2007-05-11,82.82
2007-05-14,82.7
2007-05-15,82.69
2007-05-16,82.64
2007-05-17,82.42
2007-05-18,82.18
2007-05-21,82.29
2007-05-22,82.06
2007-05-23,81.9
2007-05-24,82.01
2007-05-25,81.92
2007-05-29,81.75
2007-05-30,81.83
2007-05-31,81.8
2007-06-01,81.12
2007-06-04,81.25
2007-06-05,80.99
2007-06-06,81.03
2007-06-07,80.22
2007-06-08,80.37
2007-06-11,80.16
2007-06-12,79.59
2007-06-13,79.85
2007-06-14,79.87
2007-06-15,80.22
2007-06-18,80.18
2007-06-19,80.57
2007-06-20,80.31
2007-06-21,80.21
2007-06-22,80.45
2007-06-25,80.71
2007-06-26,80.73
2007-06-27,80.72
2007-06-28,80.67
2007-06-29,81.09
2007-07-02,80.9
2007-07-03,80.66
2007-07-05,80.21
2007-07-06,80.02
2007-07-09,80.31
2007-07-10,80.86
2007-07-11,80.58
2007-07-12,80.35
2007-07-13,80.53
2007-07-16,80.85
2007-07-17,80.68
2007-07-18,80.97
2007-07-19,80.96
2007-07-20,81.36
2007-07-23,81.33
2007-07-24,81.55
2007-07-25,81.66
2007-07-26,82.31
2007-07-27,82.47
2007-07-30,82.26
2007-07-31,82.6
2007-08-01,82.05
2007-08-02,82.11
2007-08-03,82.64
2007-08-06,82.31
2007-08-07,82.3
2007-08-08,81.73
2007-08-09,82.19
2007-08-10,82.07
2007-08-13,82.2
2007-08-14,82.5
2007-08-15,82.65
2007-08-16,82.97
2007-08-17,83.03
2007-08-20,83.21
2007-08-21,83.57
2007-08-22,83.3
2007-08-23,83.33
2007-08-24,83.36
2007-08-27,83.59
2007-08-28,84.02
2007-08-29,83.7
2007-08-30,84.12
2007-08-31,84.14
2007-09-04,83.65
2007-09-05,84.17
2007-09-06,83.99
2007-09-07,84.89
2007-09-10,85.08
2007-09-11,84.9
2007-09-12,84.69
2007-09-13,84.19
2007-09-14,84.3
2007-09-17,84.35
2007-09-18,84.26
2007-09-19,83.96
2007-09-20,83.01
2007-09-21,83.43
2007-09-24,83.54
2007-09-25,83.55
2007-09-26,83.58
2007-09-27,83.85
2007-09-28,83.88
2007-10-01,83.67
2007-10-02,83.85
2007-10-03,83.79
2007-10-04,83.94
2007-10-05,83.2
2007-10-08,83.5
2007-10-09,83.24
2007-10-10,83.29
2007-10-11,83.33
2007-10-12,83.05
2007-10-15,83.13
2007-10-16,83.36
2007-10-17,83.87
2007-10-18,84.19
2007-10-19,84.91
2007-10-22,84.75
2007-10-23,84.73
2007-10-24,85.16
2007-10-25,85.09
2007-10-26,84.88
2007-10-29,84.95
2007-10-30,85.04
2007-10-31,84.47
2007-11-01,84.86
2007-11-02,85.09
2007-11-05,84.99
2007-11-06,84.84
2007-11-07,85.15
2007-11-08,85.34
2007-11-09,85.85
2007-11-12,86.0
2007-11-13,85.45
2007-11-14,85.62
2007-11-15,86.1
2007-11-16,86.1
2007-11-19,86.72
2007-11-20,86.49
2007-11-21,87.17
2007-11-23,86.91
2007-11-26,88.1
2007-11-27,87.28
2007-11-28,86.97
2007-11-29,87.46
2007-11-30,87.58
2007-12-03,87.63
2007-12-04,87.71
2007-12-05,87.38
2007-12-06,86.92
2007-12-07,86.36
2007-12-10,86.16
2007-12-11,87.34
2007-12-12,86.61
2007-12-13,85.97
2007-12-14,85.72
2007-12-17,86.23
2007-12-18,86.4
2007-12-19,87.09
2007-12-20,86.95
2007-12-21,86.32
2007-12-24,86.07
2007-12-26,85.66
2007-12-27,85.92
2007-12-28,86.61
2007-12-31,87.01
2008-01-02,87.63
2008-01-03,87.81
2008-01-04,88.04
2008-01-07,88.2
2008-01-08,88.38
2008-01-09,88.25
2008-01-10,88.01
2008-01-11,88.57
2008-01-14,88.61
2008-01-15,89.19
2008-01-16,89.02
2008-01-17,89.74
2008-01-18,89.61
2008-01-22,90.62
2008-01-23,90.19
2008-01-24,89.37
2008-01-25,90.2
2008-01-28,89.87
2008-01-29,89.51
2008-01-30,89.47
2008-01-31,89.93
2008-02-01,89.94
2008-02-04,89.44
2008-02-05,90.07
2008-02-06,89.91
2008-02-07,88.9
2008-02-08,89.65
2008-02-11,89.85
2008-02-12,89.66
2008-02-13,89.28
2008-02-14,88.79
2008-02-15,88.98
2008-02-19,88.34
2008-02-20,88.26
2008-02-21,89.17
2008-02-22,88.92
2008-02-25,88.33
2008-02-26,88.55
2008-02-27,88.76
2008-02-28,89.8
2008-02-29,90.76
2008-03-03,90.25
2008-03-04,89.91
2008-03-05,89.52
2008-03-06,90.24
2008-03-07,90.55
2008-03-10,91.2
2008-03-11,90.21
2008-03-12,91.25
2008-03-13,90.77
2008-03-14,91.71
2008-03-17,92.17
2008-03-18,91.54
2008-03-19,92.33
2008-03-20,92.53
2008-03-24,90.9
2008-03-25,91.22
2008-03-26,91.29
2008-03-27,91.17
2008-03-28,91.53
2008-03-31,91.69
2008-04-01,90.58
2008-04-02,90.28
2008-04-03,90.28
2008-04-04,90.97
2008-04-07,90.37
2008-04-08,90.38
2008-04-09,90.92
2008-04-10,90.56
2008-04-11,90.95
2008-04-14,90.72
2008-04-15,90.31
2008-04-16,89.7
2008-04-17,89.49
2008-04-18,89.4
2008-04-21,89.41
2008-04-22,89.48
2008-04-23,89.39
2008-04-24,88.69
2008-04-25,88.57
2008-04-28,88.73
2008-04-29,88.89
2008-04-30,89.17
2008-05-01,88.88
2008-05-02,88.16
2008-05-05,88.29
2008-05-06,88.01
2008-05-07,88.36
2008-05-08,88.93
2008-05-09,89.03
2008-05-12,88.88
2008-05-13,88.14
2008-05-14,88.11
2008-05-15,88.6
2008-05-16,88.45
2008-05-19,88.65
2008-05-20,88.92
2008-05-21,88.71
2008-05-22,88.13
2008-05-23,88.52
2008-05-27,88.09
2008-05-28,87.43
2008-05-29,87.02
2008-05-30,87.31
2008-06-02,87.52
2008-06-03,87.98
2008-06-04,87.66
2008-06-05,87.2
2008-06-06,87.96
2008-06-09,87.33
2008-06-10,86.81
2008-06-11,86.9
2008-06-12,86.14
2008-06-13,85.94
2008-06-16,85.95
2008-06-17,86.24
2008-06-18,86.71
2008-06-19,86.21
2008-06-20,86.61
2008-06-23,86.57
2008-06-24,87.03
2008-06-25,87.02
2008-06-26,87.51
2008-06-27,87.94
2008-06-30,88.0
2008-07-01,87.47
2008-07-02,87.68
2008-07-03,87.71
2008-07-07,88.12
2008-07-08,88.34
2008-07-09,88.76
2008-07-10,88.79
2008-07-11,87.96
2008-07-14,88.43
2008-07-15,88.75
2008-07-16,87.94
2008-07-17,87.52
2008-07-18,87.22
2008-07-21,87.42
2008-07-22,87.12
2008-07-23,86.98
2008-07-24,87.73
2008-07-25,87.22
2008-07-28,87.72
2008-07-29,87.47
2008-07-30,87.64
2008-07-31,88.34
2008-08-01,88.08
2008-08-04,88.02
2008-08-05,87.57
2008-08-06,87.6
2008-08-07,88.42
2008-08-08,88.38
2008-08-11,87.95
2008-08-12,88.56
2008-08-13,88.37
2008-08-14,88.64
2008-08-15,88.97
2008-08-18,89.19
2008-08-19,89.06
2008-08-20,89.32
2008-08-21,89.13
2008-08-22,88.87
2008-08-25,89.46
2008-08-26,89.49
2008-08-27,89.62
2008-08-28,89.49
2008-08-29,89.38
2008-09-02,89.57
2008-09-03,89.79
2008-09-04,90.24
2008-09-05,90.04
2008-09-08,90.05
2008-09-09,90.46
2008-09-10,90.23
2008-09-11,90.07
2008-09-12,89.62
2008-09-15,91.34
2008-09-16,91.08
2008-09-17,91.9
2008-09-18,90.82
2008-09-19,89.2
2008-09-22,89.01
2008-09-23,89.01
2008-09-24,89.24
2008-09-25,88.97
2008-09-26,88.91
2008-09-29,90.15
2008-09-30,88.96
2008-10-01,89.28
2008-10-02,89.78
2008-10-03,90.12
2008-10-06,90.85
2008-10-07,90.78
2008-10-08,89.62
2008-10-09,88.72
2008-10-10,87.68
2008-10-13,87.08
2008-10-14,86.67
2008-10-15,87.38
2008-10-16,87.4
2008-10-17,87.95
2008-10-20,88.04
2008-10-21,88.97
2008-10-22,89.65
2008-10-23,89.77
2008-10-24,89.39
2008-10-27,89.34
2008-10-28,88.62
2008-10-29,88.75
2008-10-30,88.07
2008-10-31,87.89
2008-11-03,87.71
2008-11-04,88.76
2008-11-05,89.23
2008-11-06,88.96
2008-11-07,88.64
2008-11-10,88.73
2008-11-11,89.06
2008-11-12,89.61
2008-11-13,88.96
2008-11-14,89.84
2008-11-17,90.22
2008-11-18,90.92
2008-11-19,91.9
2008-11-20,93.75
2008-11-21,92.89
2008-11-24,92.02
2008-11-25,93.6
2008-11-26,94.17
2008-11-27,94.17
2008-11-28,94.36
2008-12-01,95.32
2008-12-02,95.82
2008-12-03,95.97
2008-12-04,96.57
2008-12-05,95.55
2008-12-08,95.19
2008-12-09,96.0
2008-12-10,95.91
2008-12-11,96.49
2008-12-12,96.76
2008-12-15,96.97
2008-12-16,98.51
2008-12-17,99.18
2008-12-18,99.85
2008-12-19,99.52
2008-12-22,99.26
2008-12-23,99.21
2008-12-24,99.11
2008-12-25,99.11
2008-12-26,99.64
2008-12-29,99.49
2008-12-30,99.63
2008-12-31,98.53
2009-01-01,98.53
2009-01-02,97.12
2009-01-05,96.95
2009-01-06,96.89
2009-01-07,96.91
2009-01-08,97.17
2009-01-09,97.62
2009-01-12,98.23
2009-01-13,98.3
2009-01-14,98.85
2009-01-15,98.77
2009-01-16,97.86
2009-01-20,97.71
2009-01-21,96.84
2009-01-22,96.2
2009-01-23,96.22
2009-01-26,95.98
2009-01-27,96.61
2009-01-28,95.99
2009-01-29,94.74
2009-01-30,94.7
2009-02-02,95.2
2009-02-03,94.38
2009-02-04,93.9
2009-02-05,94.12
2009-02-06,93.55
2009-02-09,93.36
2009-02-10,94.61
2009-02-11,95.34
2009-02-12,95.31
2009-02-13,94.56
2009-02-17,96.15
2009-02-18,95.45
2009-02-19,94.92
2009-02-20,95.19
2009-02-23,95.28
2009-02-24,94.92
2009-02-25,94.06
2009-02-26,93.82
2009-02-27,93.74
2009-03-02,94.43
2009-03-03,94.31
2009-03-04,93.83
2009-03-05,94.93
2009-03-06,94.48
2009-03-09,94.52
2009-03-10,93.83
2009-03-11,94.5
2009-03-12,94.77
2009-03-13,94.69
2009-03-16,94.16
2009-03-17,93.98
2009-03-18,97.2
2009-03-19,96.87
2009-03-20,96.87
2009-03-23,96.54
2009-03-24,96.4
2009-03-25,95.82
2009-03-26,96.07
2009-03-27,96.01
2009-03-30,96.42
2009-03-31,96.59
2009-04-01,96.55
2009-04-02,95.92
2009-04-03,94.82
2009-04-06,94.6
2009-04-07,94.84
2009-04-08,95.31
2009-04-09,94.75
2009-04-10,94.75
2009-04-13,95.31
2009-04-14,95.8
2009-04-15,95.89
2009-04-16,95.51
2009-04-17,94.74
2009-04-20,95.4
2009-04-21,95.03
2009-04-22,94.8
2009-04-23,94.78
2009-04-24,94.41
2009-04-27,94.8
2009-04-28,94.34
2009-04-29,93.83
2009-04-30,93.67
2009-05-01,93.09
2009-05-04,93.18
2009-05-05,93.16
2009-05-06,93.2
2009-05-07,92.42
2009-05-08,92.53
2009-05-11,93.4
2009-05-12,93.34
2009-05-13,93.77
2009-05-14,93.78
2009-05-15,93.55
2009-05-18,93.0
2009-05-19,92.87
2009-05-20,93.16
2009-05-21,92.14
2009-05-22,91.6
2009-05-25,91.6
2009-05-26,90.99
2009-05-27,89.96
2009-05-28,90.43
2009-05-29,91.45
2009-06-01,89.69
2009-06-02,89.99
2009-06-03,90.54
2009-06-04,89.49
2009-06-05,88.6
2009-06-08,88.15
2009-06-09,88.53
2009-06-10,88.0
2009-06-11,88.6
2009-06-12,89.07
2009-06-15,89.47
2009-06-16,89.97
2009-06-17,89.73
2009-06-18,88.64
2009-06-19,89.05
2009-06-22,89.53
2009-06-23,89.82
2009-06-24,89.48
2009-06-25,90.6
2009-06-26,90.72
2009-06-29,90.91
2009-06-30,90.67
2009-07-01,90.36
2009-07-02,90.66
2009-07-03,90.66
2009-07-06,90.72
2009-07-07,91.08
2009-07-08,92.13
2009-07-09,91.59
2009-07-10,92.16
2009-07-13,91.83
2009-07-14,91.22
2009-07-15,90.04
2009-07-16,90.58
2009-07-17,89.97
2009-07-20,90.3
2009-07-21,91.31
2009-07-22,90.77
2009-07-23,89.89
2009-07-24,90.08
2009-07-27,89.66
2009-07-28,89.84
2009-07-29,89.9
2009-07-30,90.26
2009-07-31,91.17
2009-08-03,89.94
2009-08-04,89.68
2009-08-05,89.17
2009-08-06,89.17
2009-08-07,88.58
2009-08-10,89.15
2009-08-12,89.52
2009-08-13,90.22
2009-08-14,90.5
2009-08-17,91.12
2009-08-18,90.8
2009-08-19,91.14
2009-08-20,91.38
2009-08-21,90.45
2009-08-24,91.01
2009-08-25,91.25
2009-08-26,91.37
2009-08-27,91.12
2009-08-28,91.33
2009-08-31,91.6
2009-09-01,91.58
2009-09-02,92.08
2009-09-03,91.75
2009-09-04,91.2
2009-09-08,90.99
2009-09-09,91.07
2009-09-10,91.75
2009-09-11,92.02
2009-09-14,91.48
2009-09-15,91.29
2009-09-16,91.22
2009-09-17,91.67
2009-09-18,91.18
2009-09-21,91.12
2009-09-22,91.36
2009-09-23,91.56
2009-09-24,91.81
2009-09-25,92.18
2009-09-28,92.34
2009-09-29,92.3
2009-09-30,92.37
2009-10-01,92.81
2009-10-02,92.77
2009-10-05,92.76
2009-10-06,92.46
2009-10-07,93.05
2009-10-08,92.71
2009-10-09,91.82
2009-10-12,92.09
2009-10-13,92.3
2009-10-14,91.67
2009-10-15,91.37
2009-10-16,91.79
2009-10-19,91.93
2009-10-20,92.14
2009-10-21,91.93
2009-10-22,91.66
2009-10-23,91.21
2009-10-26,90.69
2009-10-27,91.47
2009-10-28,91.75
2009-10-29,91.31
2009-10-30,91.99
2009-11-02,90.98
2009-11-03,90.77
2009-11-04,90.52
2009-11-05,90.54
2009-11-06,90.81
2009-11-09,90.85
2009-11-10,90.92
2009-11-11,91.18
2009-11-12,91.21
2009-11-13,91.28
2009-11-16,91.77
2009-11-17,91.97
2009-11-18,91.74
2009-11-19,91.85
2009-11-20,91.84
2009-11-23,91.71
2009-11-24,92.18
2009-11-25,92.49
2009-11-26,92.49
2009-11-27,92.91
2009-11-30,93.06
2009-12-01,92.34
2009-12-02,92.15
2009-12-03,91.72
2009-12-04,91.04
2009-12-07,91.29
2009-12-08,91.61
2009-12-09,91.43
2009-12-10,91.12
2009-12-11,90.67
2009-12-14,90.67
2009-12-15,90.38
2009-12-16,90.38
2009-12-17,91.18
2009-12-18,90.73
2009-12-21,89.8
2009-12-22,89.4
2009-12-23,89.36
2009-12-24,89.04
2009-12-25,89.04
2009-12-28,88.8
2009-12-29,88.87
2009-12-30,89.03
2009-12-31,88.6
2010-01-01,88.6
2010-01-04,88.82
2010-01-05,89.21
2010-01-06,88.85
2010-01-07,88.85
2010-01-08,88.96
2010-01-11,89.02
2010-01-12,89.66
2010-01-13,89.23
2010-01-14,89.65
2010-01-15,90.05
2010-01-18,90.05
2010-01-19,89.89
2010-01-20,90.2
2010-01-21,90.53
2010-01-22,90.61
2010-01-25,90.41
2010-01-26,90.59
2010-01-27,90.38
2010-01-28,90.35
2010-01-29,90.7
2010-02-01,90.09
2010-02-02,90.24
2010-02-03,89.81
2010-02-04,90.55
2010-02-05,90.84
2010-02-08,90.76
2010-02-09,90.27
2010-02-10,90.02
2010-02-11,89.91
2010-02-12,90.12
2010-02-15,90.12
2010-02-16,90.32
2010-02-17,89.84
2010-02-18,89.52
2010-02-19,89.57
2010-02-22,89.5
2010-02-23,90.18
2010-02-24,90.23
2010-02-25,90.56
2010-02-26,90.7
2010-03-01,90.55
2010-03-02,90.6
2010-03-03,90.51
2010-03-04,90.67
2010-03-05,90.24
2010-03-08,90.0
2010-03-09,90.23
2010-03-10,90.08
2010-03-11,90.0
2010-03-12,90.14
2010-03-15,90.14
2010-03-16,90.49
2010-03-17,90.6
2010-03-18,90.36
2010-03-19,90.24
2010-03-22,90.54
2010-03-23,90.35
2010-03-24,89.45
2010-03-25,89.12
2010-03-26,89.33
2010-03-29,89.2
2010-03-30,89.29
2010-03-31,89.5
2010-04-01,89.06
2010-04-02,89.06
2010-04-05,88.26
2010-04-06,88.52
2010-04-07,89.07
2010-04-08,88.97
2010-04-09,89.07
2010-04-12,89.31
2010-04-13,89.48
2010-04-14,89.24
2010-04-15,89.39
2010-04-16,89.93
2010-04-19,89.71
2010-04-20,89.75
2010-04-21,90.04
2010-04-22,89.83
2010-04-23,89.58
2010-04-26,89.64
2010-04-27,90.48
2010-04-28,90.02
2010-04-29,90.17
2010-04-30,90.72
2010-05-03,90.21
2010-05-04,90.82
2010-05-05,91.17
2010-05-06,92.17
2010-05-07,91.92
2010-05-10,91.22
2010-05-11,91.33
2010-05-12,91.1
2010-05-13,91.35
2010-05-14,91.94
2010-05-17,91.74
2010-05-18,92.41
2010-05-19,92.49
2010-05-20,93.39
2010-05-21,93.44
2010-05-24,93.44
2010-05-25,93.76
2010-05-26,93.57
2010-05-27,92.68
2010-05-28,93.1
2010-05-31,93.1
2010-06-01,92.96
2010-06-02,92.43
2010-06-03,92.3
2010-06-04,93.58
2010-06-07,93.96
2010-06-08,93.67
2010-06-09,93.68
2010-06-10,92.81
2010-06-11,93.4
2010-06-14,93.32
2010-06-15,93.03
2010-06-16,93.29
2010-06-17,93.73
2010-06-18,93.54
2010-06-21,93.47
2010-06-22,94.03
2010-06-23,94.38
2010-06-24,94.3
2010-06-25,94.45
2010-06-28,95.12
2010-06-29,95.53
2010-06-30,95.67
2010-07-01,95.38
2010-07-02,95.21
2010-07-05,95.21
2010-07-06,95.44
2010-07-07,95.14
2010-07-08,94.91
2010-07-09,94.66
2010-07-12,94.82
2010-07-13,94.35
2010-07-14,94.82
2010-07-15,95.31
2010-07-16,95.86
2010-07-19,95.61
2010-07-20,95.71
2010-07-21,96.32
2010-07-22,95.79
2010-07-23,95.48
2010-07-26,95.45
2010-07-27,95.12
2010-07-28,95.53
2010-07-29,95.73
2010-07-30,96.29
2010-08-02,95.74
2010-08-03,96.19
2010-08-04,95.79
2010-08-05,96.25
2010-08-06,96.88
2010-08-09,96.86
2010-08-10,97.35
2010-08-11,97.9
2010-08-12,97.65
2010-08-13,98.07
2010-08-16,98.78
2010-08-17,98.28
2010-08-18,98.18
2010-08-19,98.62
2010-08-20,98.3
2010-08-23,98.43
2010-08-24,99.21
2010-08-25,98.76
2010-08-26,99.21
2010-08-27,98.07
2010-08-30,98.82
2010-08-31,99.26
2010-09-01,98.3
2010-09-02,97.89
2010-09-03,97.33
2010-09-06,97.33
2010-09-07,98.1
2010-09-08,97.83
2010-09-09,97.06
2010-09-10,96.78
2010-09-13,97.24
2010-09-14,97.73
2010-09-15,97.39
2010-09-16,97.05
2010-09-17,97.27
2010-09-20,97.57
2010-09-21,98.48
2010-09-22,98.63
2010-09-23,98.77
2010-09-24,98.28
2010-09-27,99.04
2010-09-28,99.37
2010-09-29,99.13
2010-09-30,99.01
2010-10-01,98.83
2010-10-04,99.18
2010-10-05,99.2
2010-10-06,99.84
2010-10-07,99.94
2010-10-08,99.98
2010-10-11,100.08
2010-10-12,99.79
2010-10-13,99.79
2010-10-14,99.22
2010-10-15,98.79
2010-10-18,99.26
2010-10-19,99.6
2010-10-20,99.54
2010-10-21,98.99
2010-10-22,99.02
2010-10-25,98.99
2010-10-26,98.33
2010-10-27,97.76
2010-10-28,98.33
2010-10-29,98.77
2010-11-01,98.37
2010-11-02,98.7
2010-11-03,99.02
2010-11-04,99.82
2010-11-05,99.4
2010-11-08,99.43
2010-11-09,98.59
2010-11-10,98.96
2010-11-11,98.85
2010-11-12,98.03
2010-11-15,96.77
2010-11-16,97.49
2010-11-17,97.21
2010-11-18,96.98
2010-11-19,97.18
2010-11-22,97.7
2010-11-23,97.9
2010-11-24,96.85
2010-11-26,97.27
2010-11-29,97.48
2010-11-30,97.65
2010-12-01,96.13
2010-12-02,95.89
2010-12-03,95.9
2010-12-06,96.5
2010-12-07,94.9
2010-12-08,94.09
2010-12-09,94.29
2010-12-10,93.49
2010-12-13,93.79
2010-12-14,92.8
2010-12-15,92.42
2010-12-16,92.97
2010-12-17,93.77
2010-12-20,93.76
2010-12-21,93.96
2010-12-22,93.7
2010-12-23,93.37
2010-12-27,93.73
2010-12-28,92.5
2010-12-29,93.54
2010-12-30,93.35
2010-12-31,93.82
2011-01-03,93.53
2011-01-04,93.75
2011-01-05,92.74
2011-01-06,93.22
2011-01-07,93.84
2011-01-10,94.16
2011-01-11,93.79
2011-01-12,93.52
2011-01-13,94.15
2011-01-14,93.89
2011-01-18,93.66
2011-01-19,93.9
2011-01-20,93.17
2011-01-21,93.48
2011-01-24,93.49
2011-01-25,93.96
2011-01-26,93.39
2011-01-27,93.74
2011-01-28,94.17
2011-01-31,93.8
2011-02-01,93.13
2011-02-02,92.91
2011-02-03,92.38
2011-02-04,91.81
2011-02-07,91.77
2011-02-08,91.13
2011-02-09,91.61
2011-02-10,91.38
2011-02-11,91.78
2011-02-14,91.81
2011-02-15,92.02
2011-02-16,91.87
2011-02-17,92.23
2011-02-18,92.21
2011-02-22,93.1
2011-02-23,92.87
2011-02-24,93.11
2011-02-25,93.41
2011-02-28,93.37
2011-03-01,93.26
2011-03-02,92.77
2011-03-03,92.14
2011-03-04,92.8
2011-03-07,92.57
2011-03-08,92.35
2011-03-09,92.89
2011-03-10,93.68
2011-03-11,93.46
2011-03-14,93.67
2011-03-15,94.01
2011-03-16,94.81
2011-03-17,94.52
2011-03-18,94.46
2011-03-21,93.97
2011-03-22,94.02
2011-03-23,93.9
2011-03-24,93.38
2011-03-25,93.17
2011-03-28,93.2
2011-03-29,92.93
2011-03-30,93.25
2011-03-31,93.01
2011-04-01,92.96
2011-04-04,93.17
2011-04-05,92.7
2011-04-06,92.3
2011-04-07,92.31
2011-04-08,92.04
2011-04-11,92.16
2011-04-12,92.66
2011-04-13,93.04
2011-04-14,92.73
2011-04-15,93.41
2011-04-18,93.64
2011-04-19,93.76
2011-04-20,93.39
2011-04-21,93.46
2011-04-25,93.79
2011-04-26,94.19
2011-04-27,93.92
2011-04-28,94.28
2011-04-29,94.47
2011-05-02,94.2
2011-05-03,94.45
2011-05-04,94.69
2011-05-05,95.16
2011-05-06,95.21
2011-05-09,95.35
2011-05-10,94.89
2011-05-11,95.23
2011-05-12,95.02
2011-05-13,95.39
2011-05-16,95.62
2011-05-17,95.9
2011-05-18,95.35
2011-05-19,95.45
2011-05-20,95.68
2011-05-23,95.81
2011-05-24,95.92
2011-05-25,95.92
2011-05-26,96.45
2011-05-27,96.44
2011-05-31,96.59
2011-06-01,97.12
2011-06-02,96.55
2011-06-03,96.94
2011-06-06,96.88
2011-06-07,97.06
2011-06-08,97.3
2011-06-09,96.88
2011-06-10,97.19
2011-06-13,96.98
2011-06-14,96.21
2011-06-15,97.25
2011-06-16,97.52
2011-06-17,97.45
2011-06-20,97.3
2011-06-21,97.17
2011-06-22,97.13
2011-06-23,97.64
2011-06-24,98.05
2011-06-27,97.67
2011-06-28,96.77
2011-06-29,96.19
2011-06-30,95.86
2011-07-01,95.39
2011-07-05,96.01
2011-07-06,96.16
2011-07-07,95.79
2011-07-08,96.81
2011-07-11,97.55
2011-07-12,97.72
2011-07-13,97.85
2011-07-14,97.29
2011-07-15,97.69
2011-07-18,97.63
2011-07-19,98.0
2011-07-20,97.52
2011-07-21,96.98
2011-07-22,97.35
2011-07-25,97.06
2011-07-26,97.45
2011-07-27,97.29
2011-07-28,97.48
2011-07-29,98.66
2011-08-01,98.78
2011-08-02,99.69
2011-08-03,99.77
2011-08-04,101.09
2011-08-05,99.92
2011-08-08,101.51
2011-08-09,102.1
2011-08-10,103.45
2011-08-11,101.93
2011-08-12,102.64
2011-08-15,102.26
2011-08-16,102.73
2011-08-17,103.45
2011-08-18,103.99
2011-08-19,104.1
2011-08-22,103.91
2011-08-23,103.49
2011-08-24,102.38
2011-08-25,103.01
2011-08-26,103.34
2011-08-29,102.66
2011-08-30,103.34
2011-08-31,102.98
2011-09-01,103.59
2011-09-02,104.54
2011-09-06,104.68
2011-09-07,104.12
2011-09-08,104.65
2011-09-09,105.15
2011-09-12,104.8
2011-09-13,104.51
2011-09-14,104.57
2011-09-15,103.75
2011-09-16,103.99
2011-09-19,104.84
2011-09-20,104.98
2011-09-21,105.43
2011-09-22,106.41
2011-09-23,105.53
2011-09-26,105.09
2011-09-27,104.39
2011-09-28,104.41
2011-09-29,104.41
2011-09-30,105.07
2011-10-03,105.83
2011-10-04,105.29
2011-10-05,104.85
2011-10-06,104.12
2011-10-07,103.58
2011-10-10,102.49
2011-10-11,102.83
2011-10-12,102.48
2011-10-13,102.89
2011-10-14,102.38
2011-10-17,103.05
2011-10-18,102.94
2011-10-19,103.1
2011-10-20,102.89
2011-10-21,102.7
2011-10-24,102.65
2011-10-25,103.57
2011-10-26,102.77
2011-10-27,101.7
2011-10-28,102.14
2011-10-31,103.51
2011-11-01,104.5
2011-11-02,104.29
2011-11-03,103.8
2011-11-04,104.11
2011-11-07,104.23
2011-11-08,103.76
2011-11-09,104.68
2011-11-10,104.17
2011-11-11,103.7
2011-11-14,104.34
2011-11-15,104.2
2011-11-16,104.58
2011-11-17,104.79
2011-11-18,104.4
2011-11-21,104.7
2011-11-22,105.01
2011-11-23,105.37
2011-11-25,104.7
2011-11-28,104.71
2011-11-29,104.51
2011-11-30,103.9
2011-12-01,103.66
2011-12-02,104.13
2011-12-05,104.07
2011-12-06,103.8
2011-12-07,104.27
2011-12-08,104.8
2011-12-09,104.08
2011-12-12,104.44
2011-12-13,104.92
2011-12-14,105.36
2011-12-15,105.27
2011-12-16,105.78
2011-12-19,106.16
2011-12-20,105.18
2011-12-21,104.84
2011-12-22,104.97
2011-12-23,104.54
2011-12-27,104.41
2011-12-28,105.07
2011-12-29,105.2
2011-12-30,105.57
2012-01-03,104.9
2012-01-04,104.57
2012-01-05,104.59
2012-01-06,105.0
2012-01-09,105.02
2012-01-10,104.81
2012-01-11,105.42
2012-01-12,105.2
2012-01-13,105.67
2012-01-17,105.77
2012-01-18,105.44
2012-01-19,104.81
2012-01-20,104.45
2012-01-23,104.22
2012-01-24,104.34
2012-01-25,104.84
2012-01-26,105.4
2012-01-27,105.72
2012-01-30,106.08
2012-01-31,106.48
2012-02-01,105.92
2012-02-03,105.23
2012-02-06,105.52
2012-02-07,104.84
2012-02-08,104.89
2012-02-09,104.65
2012-02-10,105.24
2012-02-13,105.17
2012-02-14,105.39
2012-02-15,105.47
2012-02-16,104.99
2012-02-17,104.88
2012-02-21,104.5
2012-02-22,104.91
2012-02-23,105.06
2012-02-24,105.14
2012-02-27,105.49
2012-02-28,105.54
2012-02-29,105.12
2012-03-01,104.61
2012-03-02,105.03
2012-03-05,104.82
2012-03-06,105.26
2012-03-07,105.06
2012-03-08,104.75
2012-03-09,104.67
2012-03-12,104.65
2012-03-13,103.87
2012-03-14,102.66
2012-03-15,102.67
2012-03-16,102.64
2012-03-19,102.01
2012-03-20,102.06
2012-03-21,102.58
2012-03-22,102.71
2012-03-23,103.09
2012-03-26,102.97
2012-03-27,103.54
2012-03-28,103.36
2012-03-29,103.79
2012-03-30,103.28
2012-04-02,103.35
2012-04-03,102.59
2012-04-04,103.11
2012-04-05,103.57
2012-04-09,104.63
2012-04-10,105.12
2012-04-11,104.71
2012-04-12,104.5
2012-04-13,105.13
2012-04-16,105.1
2012-04-17,104.99
2012-04-18,105.2
2012-04-19,105.32
2012-04-20,105.33
2012-04-23,105.54
2012-04-24,105.27
2012-04-25,105.14
2012-04-26,105.49
2012-04-27,105.6
2012-04-30,105.69
2012-05-01,105.33
2012-05-02,105.53
2012-05-03,105.52
2012-05-04,105.94
2012-05-07,105.91
2012-05-08,106.15
2012-05-09,106.24
2012-05-10,106.09
2012-05-11,106.44
2012-05-14,106.91
2012-05-15,106.94
2012-05-16,107.02
2012-05-17,107.42
2012-05-18,107.35
2012-05-21,107.07
2012-05-22,106.84
2012-05-23,107.12
2012-05-24,106.89
2012-05-25,107.2
2012-05-29,107.11
2012-05-30,108.13
2012-05-31,108.55
2012-06-01,109.31
2012-06-04,108.68
2012-06-05,108.32
2012-06-06,107.61
2012-06-07,107.87
2012-06-08,107.96
2012-06-11,108.24
2012-06-12,107.66
2012-06-13,108.23
2012-06-14,107.94
2012-06-15,108.44
2012-06-18,108.41
2012-06-19,108.04
2012-06-20,107.82
2012-06-21,108.05
2012-06-22,107.58
2012-06-25,108.17
2012-06-26,107.93
2012-06-27,108.08
2012-06-28,108.43
2012-06-29,107.93
2012-07-02,108.27
2012-07-03,108.0
2012-07-05,108.29
2012-07-06,108.67
2012-07-09,108.97
2012-07-10,109.02
2012-07-11,108.92
2012-07-12,109.17
2012-07-13,109.08
2012-07-16,109.32
2012-07-17,109.04
2012-07-18,109.15
2012-07-19,108.99
2012-07-20,109.42
2012-07-23,109.6
2012-07-24,109.82
2012-07-25,109.87
2012-07-26,109.53
2012-07-27,108.75
2012-07-30,109.09
2012-07-31,109.28
2012-08-01,108.72
2012-08-02,108.98
2012-08-03,108.41
2012-08-06,108.48
2012-08-07,107.91
2012-08-08,107.76
2012-08-09,107.68
2012-08-10,107.99
2012-08-13,107.92
2012-08-14,107.39
2012-08-15,106.85
2012-08-16,106.59
2012-08-17,106.72
2012-08-20,106.78
2012-08-21,106.87
2012-08-22,107.7
2012-08-23,107.89
2012-08-24,107.84
2012-08-27,108.12
2012-08-28,108.16
2012-08-29,108.09
2012-08-30,108.29
2012-08-31,108.99
2012-09-04,108.59
2012-09-05,108.55
2012-09-06,107.81
2012-09-07,107.95
2012-09-10,108.0
2012-09-11,107.8
2012-09-12,107.27
2012-09-13,107.58
2012-09-14,106.57
2012-09-17,106.79
2012-09-18,107.06
2012-09-19,107.31
2012-09-20,107.37
2012-09-21,107.6
2012-09-24,107.84
2012-09-25,108.24
2012-09-26,108.69
2012-09-27,108.46
2012-09-28,108.46
2012-10-01,108.52
2012-10-02,108.45
2012-10-03,108.56
2012-10-04,108.13
2012-10-05,107.64
2012-10-08,107.99
2012-10-09,107.77
2012-10-10,108.03
2012-10-11,108.13
2012-10-12,108.14
2012-10-15,108.17
2012-10-16,107.66
2012-10-17,106.98
2012-10-18,106.79
2012-10-19,107.24
2012-10-22,106.88
2012-10-23,107.39
2012-10-24,107.16
2012-10-25,106.77
2012-10-26,107.45
2012-10-31,107.89
2012-11-01,107.53
2012-11-02,107.62
2012-11-05,107.88
2012-11-06,107.39
2012-11-07,108.29
2012-11-08,108.77
2012-11-09,108.78
2012-11-12,108.85
2012-11-13,108.98
2012-11-14,109.01
2012-11-15,108.96
2012-11-16,109.03
2012-11-19,108.79
2012-11-20,108.36
2012-11-21,108.2
2012-11-23,108.14
2012-11-26,108.32
2012-11-27,108.57
2012-11-28,108.71
2012-11-29,108.82
2012-11-30,108.8
2012-12-03,108.62
2012-12-04,108.81
2012-12-05,108.9
2012-12-06,108.96
2012-12-07,108.65
2012-12-10,108.75
2012-12-11,108.54
2012-12-12,108.08
2012-12-13,107.87
2012-12-14,108.11
2012-12-17,107.54
2012-12-18,107.12
2012-12-19,107.27
2012-12-20,107.34
2012-12-21,107.63
2012-12-24,107.52
2012-12-26,107.59
2012-12-27,107.81
2012-12-28,108.06
2012-12-31,107.49
2013-01-02,106.99
2013-01-03,106.45
2013-01-04,106.49
2013-01-07,106.56
2013-01-08,106.82
2013-01-09,106.88
2013-01-10,106.57
2013-01-11,106.91
2013-01-14,106.87
2013-01-15,107.13
2013-01-16,107.27
2013-01-17,106.78
2013-01-18,107.08
2013-01-22,107.17
2013-01-23,107.22
2013-01-24,107.04
2013-01-25,106.33
2013-01-28,106.11
2013-01-29,105.95
2013-01-30,106.01
2013-01-31,106.1
2013-02-01,105.6
2013-02-04,106.21
2013-02-05,105.83
2013-02-06,106.15
2013-02-07,106.2
2013-02-08,106.28
2013-02-11,106.17
2013-02-12,106.06
2013-02-13,105.69
2013-02-14,106.14
2013-02-15,106.04
2013-02-19,105.87
2013-02-20,106.1
2013-02-21,106.31
2013-02-22,106.44
2013-02-25,107.26
2013-02-26,107.06
2013-02-27,107.01
2013-02-28,107.16
2013-03-01,107.3
2013-03-04,107.05
2013-03-05,106.94
2013-03-06,106.6
2013-03-07,106.19
2013-03-08,105.65
2013-03-11,105.7
2013-03-12,105.99
2013-03-13,105.9
2013-03-14,105.93
2013-03-15,106.3
2013-03-18,106.65
2013-03-19,106.98
2013-03-20,106.57
2013-03-21,106.85
2013-03-22,106.89
2013-03-25,106.97
2013-03-26,107.08
2013-03-27,107.54
2013-03-28,107.34
2013-04-01,107.48
2013-04-02,107.27
2013-04-03,107.72
2013-04-04,108.15
2013-04-05,108.49
2013-04-08,108.14
2013-04-09,108.18
2013-04-10,107.73
2013-04-11,107.85
2013-04-12,108.45
2013-04-15,108.69
2013-04-16,108.38
2013-04-17,108.58
2013-04-18,108.64
2013-04-19,108.58
2013-04-22,108.64
2013-04-23,108.57
2013-04-24,108.62
2013-04-25,108.5
2013-04-26,108.89
2013-04-29,108.85
2013-04-30,108.83
2013-05-01,109.05
2013-05-02,109.05
2013-05-03,108.12
2013-05-06,107.98
2013-05-07,107.83
2013-05-08,107.96
2013-05-09,107.94
2013-05-10,107.33
2013-05-13,107.14
2013-05-14,106.71
2013-05-15,106.99
2013-05-16,107.5
2013-05-17,106.92
2013-05-20,106.84
2013-05-21,107.12
2013-05-22,106.27
2013-05-23,106.38
2013-05-24,106.42
2013-05-28,105.17
2013-05-29,105.6
2013-05-30,105.61
2013-05-31,105.32
2013-06-03,105.33
2013-06-04,105.06
2013-06-05,105.57
2013-06-06,105.7
2013-06-07,104.88
2013-06-10,104.62
2013-06-11,104.88
2013-06-12,104.41
2013-06-13,105.2
2013-06-14,105.34
2013-06-17,105.09
2013-06-18,105.03
2013-06-19,103.59
2013-06-20,103.12
2013-06-21,102.03
2013-06-24,101.78
2013-06-25,101.66
2013-06-26,102.07
2013-06-27,102.62
2013-06-28,102.5
2013-07-01,102.4
2013-07-02,102.44
2013-07-03,102.24
2013-07-05,100.52
2013-07-08,101.11
2013-07-09,101.28
2013-07-10,100.92
2013-07-11,101.93
2013-07-12,101.85
2013-07-15,102.17
2013-07-16,102.22
2013-07-17,102.67
2013-07-18,102.19
2013-07-19,102.75
2013-07-22,102.74
2013-07-23,102.62
2013-07-24,101.93
2013-07-25,102.08
2013-07-26,102.17
2013-07-29,101.96
2013-07-30,101.93
2013-07-31,102.0
2013-08-01,100.96
2013-08-02,101.82
2013-08-05,101.5
2013-08-06,101.53
2013-08-07,101.9
2013-08-08,102.05
2013-08-09,102.12
2013-08-12,101.92
2013-08-13,101.0
2013-08-14,101.09
2013-08-15,100.53
2013-08-16,100.14
2013-08-19,99.71
2013-08-20,100.25
2013-08-21,99.62
2013-08-22,99.58
2013-08-23,100.14
2013-08-26,100.34
2013-08-27,100.91
2013-08-28,100.5
2013-08-29,100.6
2013-08-30,100.41
2013-09-03,99.69
2013-09-04,99.36
2013-09-05,98.6
2013-09-06,99.2
2013-09-09,99.4
2013-09-10,98.94
2013-09-11,99.44
2013-09-12,99.45
2013-09-13,99.58
2013-09-16,99.8
2013-09-17,100.0
2013-09-18,101.24
2013-09-19,100.89
2013-09-20,100.99
2013-09-23,101.37
2013-09-24,101.74
2013-09-25,102.02
2013-09-26,101.8
2013-09-27,101.94
2013-09-30,102.11
2013-10-01,101.73
2013-10-02,101.9
2013-10-03,102.04
2013-10-04,101.76
2013-10-07,101.85
2013-10-08,101.8
2013-10-09,101.62
2013-10-10,101.4
2013-10-11,101.55
2013-10-14,101.21
2013-10-15,101.23
2013-10-16,101.72
2013-10-17,102.3
2013-10-18,102.31
2013-10-21,102.24
2013-10-22,102.95
2013-10-23,103.12
2013-10-24,102.92
2013-10-25,103.1
2013-10-28,103.0
2013-10-29,103.14
2013-10-30,102.87
2013-10-31,102.75
2013-11-01,102.02
2013-11-04,102.22
2013-11-05,101.76
2013-11-06,102.07
2013-11-07,102.34
2013-11-08,101.19
2013-11-11,101.14
2013-11-12,101.05
2013-11-13,101.47
2013-11-14,101.96
2013-11-15,101.88
2013-11-18,102.24
2013-11-19,101.86
2013-11-20,101.3
2013-11-21,101.39
2013-11-22,101.68
2013-11-25,101.76
2013-11-26,101.98
2013-11-27,101.75
2013-11-29,101.69
2013-12-02,101.09
2013-12-03,101.27
2013-12-04,100.81
2013-12-05,100.56
2013-12-06,100.65
2013-12-09,100.77
2013-12-10,101.19
2013-12-11,100.8
2013-12-12,100.51
2013-12-13,100.66
2013-12-16,100.61
2013-12-17,100.93
2013-12-18,100.55
2013-12-19,100.13
2013-12-20,100.44
2013-12-23,100.12
2013-12-24,99.73
2013-12-26,99.48
2013-12-27,99.42
2013-12-30,99.69
2013-12-31,99.24
2014-01-02,99.63
2014-01-03,99.57
2014-01-06,99.85
2014-01-07,100.01
2014-01-08,99.52
2014-01-09,99.78
2014-01-10,100.62
2014-01-13,100.91
2014-01-14,100.53
2014-01-15,100.44
2014-01-16,100.72
2014-01-17,100.96
2014-01-21,100.85
2014-01-22,100.57
2014-01-23,101.25
2014-01-24,101.66
2014-01-27,101.35
2014-01-28,101.5
2014-01-29,101.98
2014-01-30,101.88
2014-01-31,102.28
2014-02-03,102.66
2014-02-04,102.35
2014-02-05,101.98
2014-02-06,101.79
2014-02-07,102.06
2014-02-10,102.11
2014-02-11,101.66
2014-02-12,101.42
2014-02-13,101.9
2014-02-14,101.83
2014-02-18,102.08
2014-02-19,101.88
2014-02-20,101.77
2014-02-21,101.9
2014-02-24,101.8
2014-02-25,102.15
2014-02-26,102.45
2014-02-27,102.57
2014-02-28,102.47
2014-03-03,102.81
2014-03-04,102.02
2014-03-05,102.13
2014-03-06,101.69
2014-03-07,101.25
2014-03-10,101.36
2014-03-11,101.46
2014-03-12,101.86
2014-03-13,102.46
2014-03-14,102.47
2014-03-17,102.06
2014-03-18,102.31
2014-03-19,101.36
2014-03-20,101.38
2014-03-21,101.57
2014-03-24,101.61
2014-03-25,101.55
2014-03-26,101.98
2014-03-27,102.08
2014-03-28,101.72
2014-03-31,101.73
2014-04-01,101.33
2014-04-02,100.89
2014-04-03,100.96
2014-04-04,101.58
2014-04-07,101.82
2014-04-08,101.96
2014-04-09,101.93
2014-04-10,102.36
2014-04-11,102.57
2014-04-14,102.41
2014-04-15,102.53
2014-04-16,102.37
2014-04-17,101.79
2014-04-21,101.77
2014-04-22,101.73
2014-04-23,101.99
2014-04-24,101.96
2014-04-25,102.1
2014-04-28,101.95
2014-04-29,102.04
2014-04-30,102.31
2014-05-01,102.41
2014-05-02,102.56
2014-05-05,102.5
2014-05-06,102.62
2014-05-07,102.7
2014-05-08,102.81
2014-05-09,102.73
2014-05-12,102.46
2014-05-13,102.86
2014-05-14,103.33
2014-05-15,103.7
2014-05-16,103.48
2014-05-19,103.35
2014-05-20,103.65
2014-05-21,103.49
2014-05-22,103.38
2014-05-23,103.59
2014-05-27,103.62
2014-05-28,104.19
2014-05-29,104.06
2014-05-30,103.98
2014-06-02,103.33
2014-06-03,102.81
2014-06-04,102.73
2014-06-05,102.88
2014-06-06,102.8
2014-06-09,102.65
2014-06-10,102.47
2014-06-11,102.61
2014-06-12,103.01
2014-06-13,102.81
2014-06-16,102.81
2014-06-17,102.38
2014-06-18,102.92
2014-06-19,102.66
2014-06-20,102.78
2014-06-23,102.71
2014-06-24,103.13
2014-06-25,103.23
2014-06-26,103.5
2014-06-27,103.5
2014-06-30,103.58
2014-07-01,103.05
2014-07-02,102.63
2014-07-03,102.42
2014-07-07,102.67
2014-07-08,103.14
2014-07-09,103.16
2014-07-10,103.38
2014-07-11,103.55
2014-07-14,103.32
2014-07-15,103.23
2014-07-16,103.38
2014-07-17,103.98
2014-07-18,103.77
2014-07-21,103.8
2014-07-22,103.93
2014-07-23,103.92
2014-07-24,103.5
2014-07-25,103.9
2014-07-28,103.78
2014-07-29,103.92
2014-07-30,103.19
2014-07-31,103.16
2014-08-01,103.57
2014-08-04,103.63
2014-08-05,103.68
2014-08-06,103.77
2014-08-07,104.24
2014-08-08,104.15
2014-08-11,104.1
2014-08-12,103.95
2014-08-13,104.29
2014-08-14,104.5
2014-08-15,104.92
2014-08-18,104.59
2014-08-19,104.48
2014-08-20,104.17
2014-08-21,104.39
2014-08-22,104.4
2014-08-25,104.48
2014-08-26,104.46
2014-08-27,104.75
2014-08-28,104.89
2014-08-29,104.9
2014-09-02,104.05
2014-09-03,104.2
2014-09-04,103.83
2014-09-05,103.86
2014-09-08,103.75
2014-09-09,103.51
2014-09-10,103.25
2014-09-11,103.12
2014-09-12,102.73
2014-09-15,102.92
2014-09-16,102.89
2014-09-17,102.63
2014-09-18,102.56
2014-09-19,102.95
2014-09-22,103.17
2014-09-23,103.39
2014-09-24,103.1
2014-09-25,103.6
2014-09-26,103.38
2014-09-29,103.71
2014-09-30,103.62
2014-10-01,104.3
2014-10-02,103.99
2014-10-03,103.96
2014-10-06,104.13
2014-10-07,104.74
2014-10-08,105.11
2014-10-09,104.93
2014-10-10,105.34
2014-10-13,105.89
2014-10-14,106.1
2014-10-15,106.7
2014-10-16,106.41
2014-10-17,106.1
2014-10-20,106.25
2014-10-21,105.96
2014-10-22,105.93
2014-10-23,105.49
2014-10-24,105.58
2014-10-27,105.69
2014-10-28,105.43
2014-10-29,105.08
2014-10-30,105.19
2014-10-31,105.02
2014-11-03,104.8
2014-11-04,104.79
2014-11-05,104.82
2014-11-06,104.5
2014-11-07,105.17
2014-11-10,104.74
2014-11-11,104.75
2014-11-12,104.71
2014-11-13,104.88
2014-11-14,105.1
2014-11-17,104.98
2014-11-18,105.1
2014-11-19,104.82
2014-11-20,105.01
2014-11-21,105.22
2014-11-24,105.34
2014-11-25,105.6
2014-11-26,105.78
2014-11-28,106.19
2014-12-01,105.75
2014-12-02,105.28
2014-12-03,105.32
2014-12-04,105.69
2014-12-05,105.1
2014-12-08,105.45
2014-12-09,105.84
2014-12-10,106.32
2014-12-11,106.14
2014-12-12,107.01
2014-12-15,106.62
2014-12-16,107.16
2014-12-17,106.42
2014-12-18,105.82
2014-12-19,106.21
2014-12-22,106.21
2014-12-23,105.33
2014-12-24,105.25
2014-12-26,105.39
2014-12-29,105.75
2014-12-30,105.87
2014-12-31,105.99
2015-01-02,106.53
2015-01-05,107.18
2015-01-06,107.9
2015-01-07,107.88
2015-01-08,107.44
2015-01-09,107.97
2015-01-12,108.35
2015-01-13,108.45
2015-01-14,108.95
2015-01-15,109.88
2015-01-16,109.07
2015-01-20,109.32
2015-01-21,108.8
2015-01-22,108.53
2015-01-23,109.24
2015-01-26,108.99
2015-01-27,109.14
2015-01-28,109.98
2015-01-29,109.59
2015-01-30,110.55
2015-02-02,110.23
2015-02-03,109.3
2015-02-04,109.48
2015-02-05,109.08
2015-02-06,107.86
2015-02-09,107.81
2015-02-10,107.54
2015-02-11,107.5
2015-02-12,107.54
2015-02-13,107.18
2015-02-17,106.42
2015-02-18,106.93
2015-02-19,106.66
2015-02-20,106.6
2015-02-23,107.09
2015-02-24,107.8
2015-02-25,107.9
2015-02-26,107.26
2015-02-27,107.64
2015-03-02,106.67
2015-03-03,106.44
2015-03-04,106.52
2015-03-05,106.58
2015-03-06,105.49
2015-03-09,105.98
2015-03-10,106.43
2015-03-11,106.62
2015-03-12,106.72
2015-03-13,106.56
2015-03-16,106.93
2015-03-17,107.15
2015-03-18,108.38
2015-03-19,107.87
2015-03-20,108.31
2015-03-23,108.45
2015-03-24,108.78
2015-03-25,108.31
2015-03-26,107.7
2015-03-27,108.12
2015-03-30,108.11
2015-03-31,108.39
2015-04-01,108.73
2015-04-02,108.42
2015-04-06,108.56
2015-04-07,108.65
2015-04-08,108.55
2015-04-09,108.11
2015-04-10,108.08
2015-04-13,108.3
2015-04-14,108.62
2015-04-15,108.68
2015-04-16,108.76
2015-04-17,108.98
2015-04-20,108.78
2015-04-21,108.55
2015-04-22,107.92
2015-04-23,108.25
2015-04-24,108.63
2015-04-27,108.46
2015-04-28,107.96
2015-04-29,107.56
2015-04-30,107.53
2015-05-01,106.78
2015-05-04,106.56
2015-05-05,106.38
2015-05-06,105.86
2015-05-07,106.31
2015-05-08,106.72
2015-05-11,105.67
2015-05-12,105.75
2015-05-13,105.61
2015-05-14,105.97
2015-05-15,106.73
2015-05-18,106.01
2015-05-19,105.54
2015-05-20,105.77
2015-05-21,106.4
2015-05-22,106.16
2015-05-26,106.82
2015-05-27,106.76
2015-05-28,106.86
2015-05-29,106.92
2015-06-01,106.28
2015-06-02,105.54
2015-06-03,104.64
2015-06-04,105.15
2015-06-05,104.39
2015-06-08,104.54
2015-06-09,104.2
2015-06-10,103.8
2015-06-11,104.62
2015-06-12,104.56
2015-06-15,104.81
2015-06-16,105.21
2015-06-17,105.27
2015-06-18,105.19
2015-06-19,105.75
2015-06-22,104.86
2015-06-23,104.54
2015-06-24,104.85
2015-06-25,104.59
2015-06-26,104.09
2015-06-29,105.3
2015-06-30,105.01
2015-07-01,104.3
2015-07-02,104.67
2015-07-06,105.41
2015-07-07,105.69
2015-07-08,106.11
2015-07-09,105.37
2015-07-10,104.64
2015-07-13,104.36
2015-07-14,104.69
2015-07-15,105.09
2015-07-16,105.05
2015-07-17,105.06
2015-07-20,104.85
2015-07-21,105.14
2015-07-22,105.27
2015-07-23,105.7
2015-07-24,105.8
2015-07-27,106.15
2015-07-28,105.85
2015-07-29,105.7
2015-07-30,105.82
2015-07-31,106.44
2015-08-03,106.6
2015-08-04,106.05
2015-08-05,105.64
2015-08-06,106.01
2015-08-07,106.43
2015-08-10,105.99
2015-08-11,106.69
2015-08-12,106.65
2015-08-13,106.37
2015-08-14,106.26
2015-08-17,106.45
2015-08-18,106.28
2015-08-19,106.93
2015-08-20,107.22
2015-08-21,107.65
2015-08-24,107.83
2015-08-25,107.24
2015-08-26,106.58
2015-08-27,106.52
2015-08-28,106.54
2015-08-31,106.36
2015-09-01,106.67
2015-09-02,106.38
2015-09-03,106.64
2015-09-04,106.97
2015-09-08,106.5
2015-09-09,106.54
2015-09-10,106.3
2015-09-11,106.58
2015-09-14,106.68
2015-09-15,105.84
2015-09-16,105.81
2015-09-17,106.69
2015-09-18,107.19
2015-09-21,106.58
2015-09-22,107.11
2015-09-23,106.99
2015-09-24,107.15
2015-09-25,106.87
2015-09-28,107.48
2015-09-29,107.85
2015-09-30,107.87
2015-10-01,107.79
2015-10-02,108.31
2015-10-05,107.71
2015-10-06,107.93
2015-10-07,107.66
2015-10-08,107.38
2015-10-09,107.44
2015-10-12,107.8
2015-10-13,107.9
2015-10-14,108.49
2015-10-15,108.12
2015-10-16,108.03
2015-10-19,107.98
2015-10-20,107.61
2015-10-21,107.98
2015-10-22,108.09
2015-10-23,107.48
2015-10-26,107.76
2015-10-27,108.03
2015-10-28,107.47
2015-10-29,106.81
2015-10-30,107.02
2015-11-02,106.55
2015-11-03,106.27
2015-11-04,106.16
2015-11-05,106.09
2015-11-06,105.37
2015-11-09,105.19
2015-11-10,105.39
2015-11-11,105.34
2015-11-12,105.4
2015-11-13,105.8
2015-11-16,105.94
2015-11-17,105.91
2015-11-18,105.86
2015-11-19,106.09
2015-11-20,105.95
2015-11-23,106.09
2015-11-24,106.19
2015-11-25,106.25
2015-11-27,106.36
2015-11-30,106.4
2015-12-01,106.8
2015-12-02,106.5
2015-12-03,105.38
2015-12-04,105.77
2015-12-07,106.11
2015-12-08,106.17
2015-12-09,106.33
2015-12-10,106.1
2015-12-11,106.95
2015-12-14,106.16
2015-12-15,105.89
2015-12-16,105.61
2015-12-17,106.05
2015-12-18,106.43
2015-12-21,106.48
2015-12-22,106.18
2015-12-23,105.94
2015-12-24,105.97
2015-12-28,105.99
2015-12-29,105.43
2015-12-30,105.47
2015-12-31,105.59
2016-01-04,106.04
2016-01-05,106.01
2016-01-06,106.65
2016-01-07,106.88
2016-01-08,107.15
2016-01-11,106.81
2016-01-12,107.29
2016-01-13,107.71
2016-01-14,107.49
2016-01-15,107.99
2016-01-19,107.85
2016-01-20,108.38
2016-01-21,108.11
2016-01-22,107.87
2016-01-25,108.23
2016-01-26,108.31
2016-01-27,108.39
2016-01-28,108.53
2016-01-29,109.11
2016-02-01,108.7
2016-02-02,109.47
2016-02-03,109.35
2016-02-04,109.61
2016-02-05,109.75
2016-02-08,110.57
2016-02-09,110.59
2016-02-10,110.92
2016-02-11,111.43
2016-02-12,110.58
2016-02-16,110.25
2016-02-17,109.98
2016-02-18,110.49
2016-02-19,110.49
2016-02-22,110.38
2016-02-23,110.6
2016-02-24,110.6
2016-02-25,110.93
2016-02-26,110.39
2016-02-29,110.57
2016-03-01,109.55
2016-03-02,109.36
2016-03-03,109.49
2016-03-04,109.12
2016-03-07,108.9
2016-03-08,109.53
2016-03-09,109.1
2016-03-10,108.71
2016-03-11,108.4
2016-03-14,108.48
2016-03-15,108.46
2016-03-16,109.03
2016-03-17,109.15
2016-03-18,109.34
2016-03-21,109.03
2016-03-22,108.8
2016-03-23,109.3
2016-03-24,109.19
2016-03-28,109.35
